# generation 7, the first one is fairly good - nets us around an average increase of 1.01 with a HIGH variance. Could be interesitng
Gene Index,C[0],C[1],C[2],C[3],C[4],C[5],C[6],C[7],C[8],C[9],C[10],C[11],C[12],C[13],C[14],C[15],C[16],C[17],C[18],C[19]
1,0.07608630291702134,0.6384130720727683,0.19168194910868275,0.4621622949954527,0.8947894398834366,0.6144458421842767,0.13055966348312054,0.7007393159760924,0.12892661702624952,0.7011314424376426,0.276691960478721,0.15631126834587383,0.3895274814737226,0.8127386708328449,0.18970050900353053,0.7007645540311098,0.7671485548172058,0.49097298823917235,0.2032415957611493,1
2,0.6215474056951149,0.7624269506157805,0.33309489869943065,0.4418238866501861,0.05922796608434655,0.6497161353754111,0.5568543106035115,0.435219013297967,0.6049029527770596,0.010371647665396555,0.07893718303214448,0.766006869905341,0.011029578579377253,0.8127386708328449,0.2207328272872966,0.48724635662147797,0.6275698260681138,0.49097298823917235,0.2032415957611493,0
3,0.7583222553378262,0.8769527410537677,0.14456354911746427,0.8667428335995995,0.9958987513889056,0.6699827500138097,0.6221669893088061,0.33020915363890824,0.28537386531300746,0.7011314424376426,0.9851138226182892,0.589575120709291,0.2947601148623823,0.5427312022688505,0.7977956726027992,0.749920735197209,0.6275698260681138,0.19323210541449687,0.27117547547304066,1
4,0.747141926683002,0.6384130720727683,0.5282441385720953,0.8846191019447835,0.5516423547070345,0.36267150248661917,0.840925813317668,0.7634705654152844,0.40993903468680437,0.010371647665396555,0.07893718303214448,0.766006869905341,0.2947601148623823,0.26253355498646425,0.11197017320775138,0.6319944091886919,0.38728681793591735,0.3442500235994409,0.27117547547304066,1
5,0.747141926683002,0.6384130720727683,0.5282441385720953,0.8846191019447835,0.95708802154712,0.36267150248661917,0.840925813317668,0.8956142356670589,0.6113831373243537,0.08965091097549238,0.2354977282284949,0.6867449514302726,0.011029578579377253,0.8127386708328449,0.2207328272872966,0.48724635662147797,0.6275698260681138,0.49097298823917235,0.2032415957611493,0
6,0.6215474056951149,0.7624269506157805,0.33309489869943065,0.4418238866501861,0.05922796608434655,0.6497161353754111,0.5568543106035115,0.435219013297967,0.6049029527770596,0.010371647665396555,0.07893718303214448,0.8487224163604761,0.2947601148623823,0.26253355498646425,0.11197017320775138,0.6319944091886919,0.38728681793591735,0.38143622397547505,0.27117547547304066,0
7,0.747141926683002,0.6384130720727683,0.5282441385720953,0.8846191019447835,0.95708802154712,0.36267150248661917,0.840925813317668,0.8956142356670589,0.8137634125366687,0.7011314424376426,0.2354977282284949,0.9703643124713013,0.011029578579377253,0.8127386708328449,0.2207328272872966,0.48724635662147797,0.38728681793591735,0.3442500235994409,0.27117547547304066,1
8,0.5454605993787685,0.6384130720727683,0.19168194910868275,0.8846191019447835,0.5516423547070345,0.36267150248661917,0.840925813317668,0.7634705654152844,0.40993903468680437,0.9629946217316838,0.9020960479969948,0.4675139698401134,0.12371321996218865,0.3195650105112654,0.4369162927477652,0.6627364551172208,0.38728681793591735,0.018010505874965888,0.9831950365915205,1
9,0.747141926683002,0.3672761701960304,0.5282441385720953,0.8846191019447835,0.95708802154712,0.36267150248661917,0.840925813317668,0.8956142356670589,0.6113831373243537,0.7011314424376426,0.2354977282284949,0.9703643124713013,0.011029578579377253,0.8127386708328449,0.2207328272872966,0.6627364551172208,0.38728681793591735,0.018010505874965888,0.9831950365915205,1
10,0.5454605993787685,0.6384130720727683,0.19168194910868275,0.723467257393368,0.5228264932501363,0.21360715919211204,0.13055966348312054,0.7007393159760924,0.4426801787187735,0.7011314424376426,0.276691960478721,0.15631126834587383,0.3895274814737226,0.8127386708328449,0.18970050900353053,0.831655842060171,0.38728681793591735,0.3442500235994409,0.2032415957611493,0
11,0.5454605993787685,0.6384130720727683,0.19168194910868275,0.4621622949954527,0.5228264932501363,0.6144458421842767,0.13055966348312054,0.7007393159760924,0.12892661702624952,0.7011314424376426,0.276691960478721,0.5511924743918342,0.2947601148623823,0.3195650105112654,0.4369162927477652,0.6627364551172208,0.38728681793591735,0.018010505874965888,0.27117547547304066,0
12,0.747141926683002,0.6384130720727683,0.5282441385720953,0.8846191019447835,0.5516423547070345,0.36267150248661917,0.840925813317668,0.7634705654152844,0.40993903468680437,0.9629946217316838,0.39837139420713885,0.4675139698401134,0.12371321996218865,0.3195650105112654,0.4369162927477652,0.6627364551172208,0.38728681793591735,0.018010505874965888,0.27117547547304066,1
13,0.747141926683002,0.6384130720727683,0.5282441385720953,0.8846191019447835,0.95708802154712,0.12545837916317437,0.840925813317668,0.8956142356670589,0.6113831373243537,0.7011314424376426,0.9851138226182892,0.589575120709291,0.2947601148623823,0.5427312022688505,0.7977956726027992,0.06665225842503286,0.6275698260681138,0.19323210541449687,0.2032415957611493,0
14,0.747141926683002,0.6384130720727683,0.5282441385720953,0.8846191019447835,0.95708802154712,0.36267150248661917,0.840925813317668,0.8956142356670589,0.6113831373243537,0.7011314424376426,0.2354977282284949,0.9703643124713013,0.011029578579377253,0.8127386708328449,0.2207328272872966,0.48724635662147797,0.6275698260681138,0.19323210541449687,0.2032415957611493,0
15,0.7583222553378262,0.8769527410537677,0.14456354911746427,0.8667428335995995,0.9958987513889056,0.6699827500138097,0.6221669893088061,0.33020915363890824,0.28537386531300746,0.7011314424376426,0.9851138226182892,0.589575120709291,0.2947601148623823,0.5427312022688505,0.5541727331784804,0.5189627531123948,0.6275698260681138,0.49097298823917235,0.2032415957611493,0
16,0.5454605993787685,0.6384130720727683,0.19168194910868275,0.31301566454047336,0.5228264932501363,0.6144458421842767,0.13055966348312054,0.7007393159760924,0.28537386531300746,0.010371647665396555,0.9851138226182892,0.589575120709291,0.2947601148623823,0.5427312022688505,0.7977956726027992,0.749920735197209,0.4985148848931581,0.19323210541449687,0.2032415957611493,1
17,0.5454605993787685,0.6384130720727683,0.19168194910868275,0.723467257393368,0.5228264932501363,0.21360715919211204,0.13055966348312054,0.33020915363890824,0.28537386531300746,0.7011314424376426,0.9851138226182892,0.589575120709291,0.2947601148623823,0.5427312022688505,0.7977956726027992,0.749920735197209,0.6275698260681138,0.19323210541449687,0.2032415957611493,0
18,0.747141926683002,0.6384130720727683,0.5282441385720953,0.8846191019447835,0.95708802154712,0.36267150248661917,0.840925813317668,0.17920704104799945,0.6113831373243537,0.7011314424376426,0.2354977282284949,0.9703643124713013,0.2947601148623823,0.26253355498646425,0.11197017320775138,0.6319944091886919,0.38728681793591735,0.662162182085557,0.27117547547304066,1
19,0.747141926683002,0.6384130720727683,0.5282441385720953,0.8846191019447835,0.5516423547070345,0.36267150248661917,0.840925813317668,0.7634705654152844,0.40993903468680437,0.9629946217316838,0.39837139420713885,0.4675139698401134,0.12371321996218865,0.3195650105112654,0.4369162927477652,0.6627364551172208,0.38728681793591735,0.018010505874965888,0.9831950365915205,1
20,0.747141926683002,0.6384130720727683,0.5282441385720953,0.8846191019447835,0.95708802154712,0.36267150248661917,0.840925813317668,0.8956142356670589,0.6113831373243537,0.7011314424376426,0.2354977282284949,0.9703643124713013,0.011029578579377253,0.8127386708328449,0.2207328272872966,0.48724635662147797,0.6275698260681138,0.49097298823917235,0.2032415957611493,0
21,0.747141926683002,0.6384130720727683,0.5282441385720953,0.8846191019447835,0.95708802154712,0.36267150248661917,0.840925813317668,0.8956142356670589,0.6113831373243537,0.7011314424376426,0.2354977282284949,0.9703643124713013,0.011029578579377253,0.8127386708328449,0.2207328272872966,0.48724635662147797,0.6275698260681138,0.49097298823917235,0.2032415957611493,0
22,0.7583222553378262,0.8769527410537677,0.14456354911746427,0.8667428335995995,0.9958987513889056,0.6699827500138097,0.6221669893088061,0.33020915363890824,0.28537386531300746,0.7011314424376426,0.9851138226182892,0.589575120709291,0.2947601148623823,0.5427312022688505,0.7977956726027992,0.6627364551172208,0.38728681793591735,0.018010505874965888,0.27117547547304066,0
23,0.747141926683002,0.6384130720727683,0.5282441385720953,0.8846191019447835,0.95708802154712,0.36267150248661917,0.840925813317668,0.7634705654152844,0.40993903468680437,0.9629946217316838,0.9020960479969948,0.4675139698401134,0.12371321996218865,0.3869716604235409,0.4369162927477652,0.3645774236381817,0.38728681793591735,0.018010505874965888,0.9831950365915205,1
24,0.7583222553378262,0.8769527410537677,0.9190777944461086,0.8667428335995995,0.9958987513889056,0.6699827500138097,0.6221669893088061,0.33020915363890824,0.28537386531300746,0.8278709095690874,0.9851138226182892,0.589575120709291,0.2947601148623823,0.5427312022688505,0.7977956726027992,0.749920735197209,0.6090398144256627,0.018010505874965888,0.14148448266746572,1
25,0.747141926683002,0.6384130720727683,0.5282441385720953,0.8846191019447835,0.8034227681536232,0.36267150248661917,0.840925813317668,0.8956142356670589,0.6113831373243537,0.7011314424376426,0.2354977282284949,0.9703643124713013,0.011029578579377253,0.8127386708328449,0.2207328272872966,0.48724635662147797,0.6275698260681138,0.49097298823917235,0.2032415957611493,0
26,0.5454605993787685,0.6384130720727683,0.19168194910868275,0.4621622949954527,0.5228264932501363,0.6144458421842767,0.13055966348312054,0.7007393159760924,0.28537386531300746,0.010371647665396555,0.9851138226182892,0.589575120709291,0.2947601148623823,0.5427312022688505,0.7977956726027992,0.749920735197209,0.6275698260681138,0.7408522295455763,0.2032415957611493,0
27,0.5454605993787685,0.6384130720727683,0.19168194910868275,0.4621622949954527,0.5228264932501363,0.6144458421842767,0.13055966348312054,0.7007393159760924,0.28537386531300746,0.7011314424376426,0.8954290398507025,0.589575120709291,0.2947601148623823,0.5427312022688505,0.7977956726027992,0.9835339318667189,0.6275698260681138,0.19323210541449687,0.2032415957611493,0
28,0.5454605993787685,0.6384130720727683,0.19168194910868275,0.4621622949954527,0.5228264932501363,0.6144458421842767,0.13055966348312054,0.7007393159760924,0.28537386531300746,0.010371647665396555,0.9851138226182892,0.589575120709291,0.2947601148623823,0.5427312022688505,0.7977956726027992,0.749920735197209,0.6275698260681138,0.19323210541449687,0.2032415957611493,0
29,0.3113509731338613,0.6384130720727683,0.5282441385720953,0.8846191019447835,0.5516423547070345,0.36267150248661917,0.840925813317668,0.7634705654152844,0.40993903468680437,0.9629946217316838,0.39837139420713885,0.4675139698401134,0.12371321996218865,0.3195650105112654,0.4369162927477652,0.6627364551172208,0.44015608894190783,0.8703682880066816,0.2032415957611493,0
30,0.747141926683002,0.6384130720727683,0.19168194910868275,0.4621622949954527,0.5228264932501363,0.6144458421842767,0.13055966348312054,0.7007393159760924,0.4426801787187735,0.7011314424376426,0.276691960478721,0.15631126834587383,0.3895274814737226,0.8127386708328449,0.18970050900353053,0.7007645540311098,0.7671485548172058,0.49097298823917235,0.2032415957611493,1
31,0.747141926683002,0.6384130720727683,0.5282441385720953,0.8846191019447835,0.5516423547070345,0.36267150248661917,0.840925813317668,0.7634705654152844,0.40993903468680437,0.9629946217316838,0.9020960479969948,0.4675139698401134,0.12371321996218865,0.3195650105112654,0.4369162927477652,0.48724635662147797,0.6275698260681138,0.49097298823917235,0.2032415957611493,1
32,0.747141926683002,0.6384130720727683,0.5282441385720953,0.8846191019447835,0.95708802154712,0.7495115173631457,0.8096413206334655,0.8956142356670589,0.6113831373243537,0.7011314424376426,0.9851138226182892,0.589575120709291,0.2947601148623823,0.5427312022688505,0.7977956726027992,0.749920735197209,0.6275698260681138,0.19323210541449687,0.2032415957611493,0
33,0.5454605993787685,0.6384130720727683,0.19168194910868275,0.4621622949954527,0.5228264932501363,0.21360715919211204,0.13055966348312054,0.7007393159760924,0.4426801787187735,0.7011314424376426,0.276691960478721,0.15631126834587383,0.3895274814737226,0.31105950117943926,0.18970050900353053,0.6319944091886919,0.38728681793591735,0.3442500235994409,0.27117547547304066,1
34,0.747141926683002,0.6384130720727683,0.5282441385720953,0.8846191019447835,0.95708802154712,0.36267150248661917,0.840925813317668,0.8956142356670589,0.6113831373243537,0.7011314424376426,0.2354977282284949,0.9703643124713013,0.011029578579377253,0.8127386708328449,0.2207328272872966,0.6627364551172208,0.38728681793591735,0.018010505874965888,0.27117547547304066,0
35,0.747141926683002,0.6384130720727683,0.5282441385720953,0.8846191019447835,0.95708802154712,0.36267150248661917,0.840925813317668,0.8956142356670589,0.6113831373243537,0.7011314424376426,0.2354977282284949,0.9703643124713013,0.011029578579377253,0.8127386708328449,0.2207328272872966,0.48724635662147797,0.38728681793591735,0.018010505874965888,0.27117547547304066,1
36,0.5454605993787685,0.6384130720727683,0.19168194910868275,0.08143104649801225,0.5228264932501363,0.6144458421842767,0.13055966348312054,0.7007393159760924,0.12892661702624952,0.7011314424376426,0.276691960478721,0.5511924743918342,0.2947601148623823,0.3195650105112654,0.4369162927477652,0.6319944091886919,0.38728681793591735,0.3442500235994409,0.27117547547304066,1
37,0.7583222553378262,0.5460008157701102,0.36098779462387254,0.8667428335995995,0.9958987513889056,0.6699827500138097,0.6221669893088061,0.33020915363890824,0.01838285293990305,0.9629946217316838,0.9020960479969948,0.4675139698401134,0.12371321996218865,0.3195650105112654,0.4369162927477652,0.48724635662147797,0.6275698260681138,0.49097298823917235,0.2032415957611493,0
38,0.5454605993787685,0.6384130720727683,0.19168194910868275,0.723467257393368,0.5228264932501363,0.36267150248661917,0.840925813317668,0.7634705654152844,0.40993903468680437,0.9629946217316838,0.39837139420713885,0.4675139698401134,0.12371321996218865,0.3195650105112654,0.4369162927477652,0.6627364551172208,0.38728681793591735,0.018010505874965888,0.27117547547304066,1
39,0.5454605993787685,0.6384130720727683,0.19168194910868275,0.4621622949954527,0.5228264932501363,0.6144458421842767,0.13055966348312054,0.7007393159760924,0.12892661702624952,0.7011314424376426,0.276691960478721,0.5511924743918342,0.2947601148623823,0.3195650105112654,0.4369162927477652,0.6627364551172208,0.23694396322438305,0.018010505874965888,0.27117547547304066,1
40,0.5454605993787685,0.6384130720727683,0.19168194910868275,0.723467257393368,0.5228264932501363,0.21360715919211204,0.13055966348312054,0.7007393159760924,0.4426801787187735,0.45626439140063824,0.276691960478721,0.15631126834587383,0.3895274814737226,0.8127386708328449,0.18970050900353053,0.6319944091886919,0.6275698260681138,0.49097298823917235,0.2032415957611493,0
41,0.5454605993787685,0.6384130720727683,0.19168194910868275,0.4621622949954527,0.5228264932501363,0.6144458421842767,0.3332716332090633,0.7007393159760924,0.12892661702624952,0.7011314424376426,0.276691960478721,0.5511924743918342,0.2947601148623823,0.3195650105112654,0.7977956726027992,0.749920735197209,0.6275698260681138,0.19323210541449687,0.2032415957611493,0
42,0.747141926683002,0.6384130720727683,0.5282441385720953,0.8846191019447835,0.95708802154712,0.36267150248661917,0.840925813317668,0.8956142356670589,0.4426801787187735,0.7011314424376426,0.276691960478721,0.15631126834587383,0.3895274814737226,0.8127386708328449,0.18970050900353053,0.6319944091886919,0.38728681793591735,0.3442500235994409,0.08740495974755269,1
43,0.4501719980163512,0.7624269506157805,0.33309489869943065,0.4418238866501861,0.05922796608434655,0.6497161353754111,0.5568543106035115,0.435219013297967,0.6049029527770596,0.9629946217316838,0.9020960479969948,0.4675139698401134,0.12371321996218865,0.3195650105112654,0.4369162927477652,0.6627364551172208,0.38728681793591735,0.018010505874965888,0.9831950365915205,1
44,0.7583222553378262,0.8769527410537677,0.14456354911746427,0.8667428335995995,0.9958987513889056,0.6699827500138097,0.6221669893088061,0.33020915363890824,0.28537386531300746,0.7011314424376426,0.2354977282284949,0.9703643124713013,0.24088937821814083,0.8127386708328449,0.2207328272872966,0.48724635662147797,0.6275698260681138,0.49097298823917235,0.2032415957611493,0
45,0.747141926683002,0.6384130720727683,0.5282441385720953,0.8846191019447835,0.95708802154712,0.36267150248661917,0.840925813317668,0.8956142356670589,0.6113831373243537,0.7011314424376426,0.9851138226182892,0.589575120709291,0.2947601148623823,0.49300242749985734,0.7977956726027992,0.015973504577062703,0.6275698260681138,0.19323210541449687,0.2032415957611493,0
46,0.747141926683002,0.6384130720727683,0.5282441385720953,0.8846191019447835,0.95708802154712,0.36267150248661917,0.13055966348312054,0.7007393159760924,0.4426801787187735,0.7011314424376426,0.276691960478721,0.15631126834587383,0.3895274814737226,0.8127386708328449,0.18970050900353053,0.7007645540311098,0.7671485548172058,0.49097298823917235,0.2032415957611493,1
47,0.7583222553378262,0.8769527410537677,0.36098779462387254,0.8667428335995995,0.9958987513889056,0.6699827500138097,0.6221669893088061,0.33020915363890824,0.01838285293990305,0.9629946217316838,0.9020960479969948,0.4675139698401134,0.12371321996218865,0.3195650105112654,0.4369162927477652,0.6627364551172208,0.38728681793591735,0.018010505874965888,0.27117547547304066,1
48,0.7583222553378262,0.8769527410537677,0.5282441385720953,0.8846191019447835,0.95708802154712,0.36267150248661917,0.840925813317668,0.8956142356670589,0.6113831373243537,0.7011314424376426,0.2354977282284949,0.9703643124713013,0.011029578579377253,0.8127386708328449,0.2207328272872966,0.48724635662147797,0.6275698260681138,0.49097298823917235,0.2032415957611493,0
49,0.7583222553378262,0.8769527410537677,0.36098779462387254,0.8667428335995995,0.9958987513889056,0.6699827500138097,0.6221669893088061,0.33020915363890824,0.01838285293990305,0.9629946217316838,0.9020960479969948,0.4675139698401134,0.12371321996218865,0.3195650105112654,0.4369162927477652,0.6627364551172208,0.38728681793591735,0.018010505874965888,0.9831950365915205,1
50,0.747141926683002,0.6384130720727683,0.5282441385720953,0.8846191019447835,0.5516423547070345,0.36267150248661917,0.840925813317668,0.7634705654152844,0.40993903468680437,0.9629946217316838,0.39837139420713885,0.4675139698401134,0.12371321996218865,0.3195650105112654,0.4369162927477652,0.7007645540311098,0.7671485548172058,0.49097298823917235,0.2032415957611493,1
51,0.7583222553378262,0.8769527410537677,0.14456354911746427,0.8667428335995995,0.9958987513889056,0.6699827500138097,0.6807009341804585,0.8956142356670589,0.6113831373243537,0.7011314424376426,0.8609402879133148,0.9703643124713013,0.011029578579377253,0.8127386708328449,0.2207328272872966,0.48724635662147797,0.6275698260681138,0.49097298823917235,0.2032415957611493,0
52,0.4222078570657065,0.6384130720727683,0.5282441385720953,0.8846191019447835,0.5516423547070345,0.36267150248661917,0.840925813317668,0.7634705654152844,0.40993903468680437,0.9629946217316838,0.9020960479969948,0.4675139698401134,0.12371321996218865,0.3195650105112654,0.8548728258522896,0.6627364551172208,0.38728681793591735,0.018010505874965888,0.9831950365915205,1
53,0.5454605993787685,0.6384130720727683,0.19168194910868275,0.723467257393368,0.5228264932501363,0.21360715919211204,0.13055966348312054,0.7007393159760924,0.4426801787187735,0.7011314424376426,0.276691960478721,0.15631126834587383,0.3895274814737226,0.8127386708328449,0.18970050900353053,0.6319944091886919,0.38728681793591735,0.3442500235994409,0.27117547547304066,1
54,0.747141926683002,0.6384130720727683,0.5282441385720953,0.8846191019447835,0.9958987513889056,0.6699827500138097,0.6221669893088061,0.33020915363890824,0.28537386531300746,0.7011314424376426,0.9851138226182892,0.589575120709291,0.2947601148623823,0.5427312022688505,0.7977956726027992,0.749920735197209,0.6275698260681138,0.19323210541449687,0.2032415957611493,0
55,0.747141926683002,0.9400540393342748,0.5282441385720953,0.8846191019447835,0.5516423547070345,0.36267150248661917,0.840925813317668,0.7634705654152844,0.40993903468680437,0.9629946217316838,0.9020960479969948,0.4675139698401134,0.12371321996218865,0.3195650105112654,0.4369162927477652,0.6627364551172208,0.38728681793591735,0.19323210541449687,0.2032415957611493,0
56,0.5454605993787685,0.6384130720727683,0.19168194910868275,0.4621622949954527,0.5228264932501363,0.6144458421842767,0.4163555810430979,0.7007393159760924,0.4426801787187735,0.010371647665396555,0.07893718303214448,0.766006869905341,0.2947601148623823,0.26253355498646425,0.11197017320775138,0.6319944091886919,0.38728681793591735,0.3442500235994409,0.27117547547304066,1
57,0.7583222553378262,0.8769527410537677,0.14456354911746427,0.8667428335995995,0.9958987513889056,0.6699827500138097,0.6221669893088061,0.972624418973993,0.4426801787187735,0.7011314424376426,0.276691960478721,0.15631126834587383,0.3895274814737226,0.8127386708328449,0.18970050900353053,0.6319944091886919,0.38728681793591735,0.3442500235994409,0.27117547547304066,1
58,0.07882116985116094,0.6384130720727683,0.19168194910868275,0.723467257393368,0.5228264932501363,0.6144458421842767,0.13055966348312054,0.7007393159760924,0.4426801787187735,0.7011314424376426,0.276691960478721,0.15631126834587383,0.3895274814737226,0.8127386708328449,0.18970050900353053,0.7007645540311098,0.7671485548172058,0.49097298823917235,0.2032415957611493,0
59,0.5454605993787685,0.6384130720727683,0.19168194910868275,0.4621622949954527,0.5228264932501363,0.6144458421842767,0.13055966348312054,0.7007393159760924,0.4426801787187735,0.7011314424376426,0.276691960478721,0.15631126834587383,0.3895274814737226,0.8127386708328449,0.18970050900353053,0.7007645540311098,0.7671485548172058,0.49097298823917235,0.2032415957611493,1
60,0.5454605993787685,0.6384130720727683,0.19168194910868275,0.4621622949954527,0.5228264932501363,0.6144458421842767,0.13055966348312054,0.7007393159760924,0.12892661702624952,0.7011314424376426,0.276691960478721,0.5511924743918342,0.2947601148623823,0.3195650105112654,0.4369162927477652,0.6627364551172208,0.38728681793591735,0.018010505874965888,0.27117547547304066,0
61,0.7583222553378262,0.8769527410537677,0.14456354911746427,0.8667428335995995,0.9958987513889056,0.6699827500138097,0.6221669893088061,0.33020915363890824,0.28537386531300746,0.7011314424376426,0.9851138226182892,0.589575120709291,0.2947601148623823,0.5427312022688505,0.7977956726027992,0.749920735197209,0.6275698260681138,0.19323210541449687,0.2032415957611493,0
62,0.7583222553378262,0.8769527410537677,0.36098779462387254,0.8667428335995995,0.9958987513889056,0.8231238240141823,0.6221669893088061,0.33020915363890824,0.01838285293990305,0.9629946217316838,0.9020960479969948,0.4675139698401134,0.12371321996218865,0.3195650105112654,0.4369162927477652,0.6627364551172208,0.38728681793591735,0.018010505874965888,0.9831950365915205,0
63,0.5454605993787685,0.6384130720727683,0.4032850818906554,0.4621622949954527,0.5228264932501363,0.6144458421842767,0.13055966348312054,0.7007393159760924,0.28537386531300746,0.010371647665396555,0.9851138226182892,0.589575120709291,0.2947601148623823,0.5427312022688505,0.7977956726027992,0.749920735197209,0.38728681793591735,0.018010505874965888,0.27117547547304066,0
64,0.5454605993787685,0.6384130720727683,0.19168194910868275,0.4621622949954527,0.5228264932501363,0.6144458421842767,0.13055966348312054,0.7007393159760924,0.12892661702624952,0.7011314424376426,0.276691960478721,0.5511924743918342,0.2947601148623823,0.3195650105112654,0.4369162927477652,0.6627364551172208,0.6275698260681138,0.19323210541449687,0.2032415957611493,0
65,0.747141926683002,0.6384130720727683,0.5282441385720953,0.8846191019447835,0.95708802154712,0.36267150248661917,0.840925813317668,0.8956142356670589,0.6113831373243537,0.7011314424376426,0.2354977282284949,0.9703643124713013,0.011029578579377253,0.8127386708328449,0.2207328272872966,0.7007645540311098,0.7671485548172058,0.49097298823917235,0.2032415957611493,1
66,0.5454605993787685,0.6384130720727683,0.19168194910868275,0.4621622949954527,0.5228264932501363,0.6144458421842767,0.13055966348312054,0.7007393159760924,0.4426801787187735,0.7011314424376426,0.276691960478721,0.15631126834587383,0.3895274814737226,0.5228522456956581,0.18970050900353053,0.48724635662147797,0.6275698260681138,0.49097298823917235,0.2032415957611493,0
67,0.5454605993787685,0.6384130720727683,0.19168194910868275,0.4621622949954527,0.5228264932501363,0.6144458421842767,0.13055966348312054,0.7007393159760924,0.12892661702624952,0.7011314424376426,0.9920532135189747,0.5511924743918342,0.9536564685842819,0.3195650105112654,0.4369162927477652,0.48724635662147797,0.6275698260681138,0.49097298823917235,0.2032415957611493,0
68,0.5454605993787685,0.6384130720727683,0.19168194910868275,0.4621622949954527,0.5228264932501363,0.6144458421842767,0.13055966348312054,0.7007393159760924,0.12892661702624952,0.7011314424376426,0.276691960478721,0.5511924743918342,0.2947601148623823,0.3195650105112654,0.4369162927477652,0.749920735197209,0.6275698260681138,0.19323210541449687,0.2032415957611493,0
69,0.747141926683002,0.6384130720727683,0.5282441385720953,0.8846191019447835,0.95708802154712,0.36267150248661917,0.840925813317668,0.8956142356670589,0.6113831373243537,0.7011314424376426,0.2354977282284949,0.9703643124713013,0.011029578579377253,0.8127386708328449,0.2207328272872966,0.48724635662147797,0.6275698260681138,0.49097298823917235,0.2032415957611493,0
70,0.5454605993787685,0.6384130720727683,0.19168194910868275,0.030067316475776207,0.5228264932501363,0.21360715919211204,0.13055966348312054,0.7007393159760924,0.6113831373243537,0.7011314424376426,0.8916428736611166,0.9703643124713013,0.011029578579377253,0.11242768762514188,0.2207328272872966,0.7828998307494212,0.6275698260681138,0.49097298823917235,0.2032415957611493,0
71,0.5454605993787685,0.6384130720727683,0.19168194910868275,0.723467257393368,0.5228264932501363,0.21360715919211204,0.13055966348312054,0.7007393159760924,0.4426801787187735,0.7011314424376426,0.276691960478721,0.15631126834587383,0.3895274814737226,0.8127386708328449,0.18970050900353053,0.6627364551172208,0.38728681793591735,0.018010505874965888,0.27117547547304066,0
72,0.5454605993787685,0.6384130720727683,0.5922115603725224,0.8846191019447835,0.95708802154712,0.36267150248661917,0.840925813317668,0.8956142356670589,0.6113831373243537,0.7011314424376426,0.2354977282284949,0.9703643124713013,0.011029578579377253,0.8127386708328449,0.2207328272872966,0.48724635662147797,0.6275698260681138,0.49097298823917235,0.2032415957611493,0
73,0.5454605993787685,0.6384130720727683,0.19168194910868275,0.4621622949954527,0.5228264932501363,0.6144458421842767,0.13055966348312054,0.7007393159760924,0.4426801787187735,0.7011314424376426,0.276691960478721,0.941801706065088,0.3895274814737226,0.8127386708328449,0.18970050900353053,0.6627364551172208,0.38728681793591735,0.018010505874965888,0.27117547547304066,1
74,0.7583222553378262,0.8769527410537677,0.36098779462387254,0.8667428335995995,0.9958987513889056,0.6699827500138097,0.6221669893088061,0.33020915363890824,0.01838285293990305,0.9629946217316838,0.9020960479969948,0.4675139698401134,0.12371321996218865,0.3195650105112654,0.4369162927477652,0.6627364551172208,0.38728681793591735,0.018010505874965888,0.9831950365915205,0
75,0.7583222553378262,0.8769527410537677,0.14456354911746427,0.8667428335995995,0.9958987513889056,0.6699827500138097,0.6221669893088061,0.33020915363890824,0.28537386531300746,0.7011314424376426,0.2354977282284949,0.9703643124713013,0.011029578579377253,0.8127386708328449,0.2207328272872966,0.48724635662147797,0.6275698260681138,0.49097298823917235,0.2032415957611493,0
76,0.7583222553378262,0.8769527410537677,0.14456354911746427,0.8667428335995995,0.9958987513889056,0.6699827500138097,0.6221669893088061,0.33020915363890824,0.12892661702624952,0.7011314424376426,0.276691960478721,0.5511924743918342,0.2947601148623823,0.3195650105112654,0.4369162927477652,0.6627364551172208,0.38728681793591735,0.018010505874965888,0.27117547547304066,0
77,0.7583222553378262,0.8769527410537677,0.14456354911746427,0.8667428335995995,0.7402928264717504,0.6699827500138097,0.6221669893088061,0.33020915363890824,0.28537386531300746,0.7011314424376426,0.2354977282284949,0.9703643124713013,0.011029578579377253,0.9536395287886676,0.29503880292085805,0.48724635662147797,0.6275698260681138,0.49097298823917235,0.2032415957611493,0
78,0.747141926683002,0.6384130720727683,0.5282441385720953,0.8846191019447835,0.95708802154712,0.36267150248661917,0.840925813317668,0.8956142356670589,0.6113831373243537,0.7011314424376426,0.9426421262802991,0.9703643124713013,0.011029578579377253,0.8127386708328449,0.2207328272872966,0.7166526158360904,0.38728681793591735,0.018010505874965888,0.9831950365915205,1
79,0.747141926683002,0.6384130720727683,0.5282441385720953,0.8846191019447835,0.5516423547070345,0.21360715919211204,0.13055966348312054,0.7007393159760924,0.4426801787187735,0.7011314424376426,0.276691960478721,0.15631126834587383,0.3895274814737226,0.8127386708328449,0.18970050900353053,0.6319944091886919,0.38728681793591735,0.3442500235994409,0.27117547547304066,1
80,0.7583222553378262,0.8769527410537677,0.14456354911746427,0.8667428335995995,0.95708802154712,0.36267150248661917,0.840925813317668,0.8956142356670589,0.6113831373243537,0.7011314424376426,0.2354977282284949,0.9703643124713013,0.011029578579377253,0.8127386708328449,0.2207328272872966,0.48724635662147797,0.6275698260681138,0.49097298823917235,0.2032415957611493,0
81,0.747141926683002,0.6384130720727683,0.14456354911746427,0.8667428335995995,0.9958987513889056,0.6699827500138097,0.6221669893088061,0.33020915363890824,0.28537386531300746,0.7011314424376426,0.9851138226182892,0.589575120709291,0.2947601148623823,0.5427312022688505,0.7977956726027992,0.749920735197209,0.6275698260681138,0.19323210541449687,0.2032415957611493,0
82,0.5454605993787685,0.6384130720727683,0.19168194910868275,0.4621622949954527,0.5228264932501363,0.6144458421842767,0.13055966348312054,0.7007393159760924,0.12892661702624952,0.7011314424376426,0.2354977282284949,0.9703643124713013,0.011029578579377253,0.8127386708328449,0.2207328272872966,0.48724635662147797,0.6275698260681138,0.49097298823917235,0.2032415957611493,0
83,0.747141926683002,0.6384130720727683,0.5282441385720953,0.8846191019447835,0.95708802154712,0.36267150248661917,0.840925813317668,0.8956142356670589,0.6113831373243537,0.7011314424376426,0.276691960478721,0.5511924743918342,0.2947601148623823,0.3195650105112654,0.4369162927477652,0.6627364551172208,0.38728681793591735,0.018010505874965888,0.27117547547304066,0
84,0.747141926683002,0.6384130720727683,0.5282441385720953,0.8846191019447835,0.95708802154712,0.36267150248661917,0.840925813317668,0.8956142356670589,0.6113831373243537,0.7011314424376426,0.2354977282284949,0.9703643124713013,0.011029578579377253,0.8127386708328449,0.2207328272872966,0.48724635662147797,0.6275698260681138,0.49097298823917235,0.2032415957611493,0
85,0.747141926683002,0.6384130720727683,0.5282441385720953,0.8846191019447835,0.95708802154712,0.36267150248661917,0.840925813317668,0.8956142356670589,0.6113831373243537,0.7011314424376426,0.2354977282284949,0.9703643124713013,0.011029578579377253,0.8127386708328449,0.2207328272872966,0.48724635662147797,0.6275698260681138,0.49097298823917235,0.2032415957611493,0
86,0.6215474056951149,0.7624269506157805,0.33309489869943065,0.4418238866501861,0.05922796608434655,0.6497161353754111,0.5568543106035115,0.435219013297967,0.6049029527770596,0.7011314424376426,0.276691960478721,0.15631126834587383,0.3895274814737226,0.8127386708328449,0.18970050900353053,0.7007645540311098,0.7671485548172058,0.49097298823917235,0.2032415957611493,1
87,0.7583222553378262,0.8769527410537677,0.14456354911746427,0.8667428335995995,0.9958987513889056,0.6699827500138097,0.6221669893088061,0.33020915363890824,0.28537386531300746,0.7011314424376426,0.9851138226182892,0.589575120709291,0.2947601148623823,0.5427312022688505,0.4369162927477652,0.6627364551172208,0.38728681793591735,0.018010505874965888,0.27117547547304066,0
88,0.5454605993787685,0.6384130720727683,0.19168194910868275,0.723467257393368,0.5228264932501363,0.36267150248661917,0.840925813317668,0.7634705654152844,0.40993903468680437,0.9629946217316838,0.9020960479969948,0.7009805285249555,0.12371321996218865,0.3195650105112654,0.4369162927477652,0.6627364551172208,0.38728681793591735,0.018010505874965888,0.9831950365915205,1
89,0.747141926683002,0.6384130720727683,0.5282441385720953,0.8846191019447835,0.5516423547070345,0.21360715919211204,0.13055966348312054,0.7007393159760924,0.4426801787187735,0.7011314424376426,0.276691960478721,0.15631126834587383,0.3895274814737226,0.8127386708328449,0.4174537007692437,0.6319944091886919,0.38728681793591735,0.3442500235994409,0.27117547547304066,1
90,0.747141926683002,0.6384130720727683,0.5282441385720953,0.8846191019447835,0.5516423547070345,0.36267150248661917,0.840925813317668,0.7634705654152844,0.40993903468680437,0.9629946217316838,0.9020960479969948,0.4675139698401134,0.12371321996218865,0.3195650105112654,0.4369162927477652,0.6627364551172208,0.38728681793591735,0.018010505874965888,0.9831950365915205,1
91,0.6215474056951149,0.7624269506157805,0.33309489869943065,0.4418238866501861,0.05922796608434655,0.6497161353754111,0.5568543106035115,0.435219013297967,0.6049029527770596,0.010371647665396555,0.07893718303214448,0.766006869905341,0.2947601148623823,0.26253355498646425,0.11197017320775138,0.6319944091886919,0.38728681793591735,0.3442500235994409,0.27117547547304066,1
92,0.5454605993787685,0.6384130720727683,0.19168194910868275,0.723467257393368,0.5228264932501363,0.21360715919211204,0.13055966348312054,0.7007393159760924,0.4426801787187735,0.7011314424376426,0.07893718303214448,0.766006869905341,0.2947601148623823,0.26253355498646425,0.11197017320775138,0.6319944091886919,0.38728681793591735,0.3442500235994409,0.27117547547304066,1
93,0.5454605993787685,0.6384130720727683,0.19168194910868275,0.4621622949954527,0.5228264932501363,0.6144458421842767,0.840925813317668,0.7560259008677497,0.6113831373243537,0.7011314424376426,0.2354977282284949,0.9703643124713013,0.011029578579377253,0.8127386708328449,0.2207328272872966,0.48724635662147797,0.6275698260681138,0.49097298823917235,0.2032415957611493,0
94,0.5454605993787685,0.6384130720727683,0.19168194910868275,0.4621622949954527,0.5228264932501363,0.6144458421842767,0.13055966348312054,0.7007393159760924,0.12892661702624952,0.7011314424376426,0.9851138226182892,0.589575120709291,0.37906109538311716,0.5427312022688505,0.7977956726027992,0.749920735197209,0.6275698260681138,0.19323210541449687,0.2032415957611493,0
95,0.6215474056951149,0.7624269506157805,0.33309489869943065,0.4418238866501861,0.05922796608434655,0.6497161353754111,0.5568543106035115,0.47092920123095494,0.6049029527770596,0.9159744151435162,0.276691960478721,0.15631126834587383,0.46656476515089373,0.8127386708328449,0.18970050900353053,0.11043738393415481,0.38728681793591735,0.3442500235994409,0.27117547547304066,1
96,0.7583222553378262,0.8769527410537677,0.14456354911746427,0.8667428335995995,0.9958987513889056,0.6699827500138097,0.6221669893088061,0.33020915363890824,0.28537386531300746,0.7011314424376426,0.9851138226182892,0.589575120709291,0.2947601148623823,0.5427312022688505,0.7977956726027992,0.749920735197209,0.6275698260681138,0.19323210541449687,0.2032415957611493,1
97,0.7583222553378262,0.8769527410537677,0.14456354911746427,0.8667428335995995,0.9958987513889056,0.6699827500138097,0.6221669893088061,0.33020915363890824,0.28537386531300746,0.7011314424376426,0.276691960478721,0.5511924743918342,0.2947601148623823,0.3195650105112654,0.4369162927477652,0.6627364551172208,0.38728681793591735,0.018010505874965888,0.27117547547304066,0
98,0.747141926683002,0.6384130720727683,0.5282441385720953,0.8846191019447835,0.5516423547070345,0.36267150248661917,0.840925813317668,0.8956142356670589,0.6113831373243537,0.7011314424376426,0.2354977282284949,0.9703643124713013,0.011029578579377253,0.8127386708328449,0.2207328272872966,0.48724635662147797,0.6275698260681138,0.49097298823917235,0.2032415957611493,0
99,0.5454605993787685,0.6384130720727683,0.19168194910868275,0.4621622949954527,0.5228264932501363,0.6144458421842767,0.13055966348312054,0.7007393159760924,0.4426801787187735,0.6506047085879614,0.276691960478721,0.5511924743918342,0.2947601148623823,0.3195650105112654,0.4369162927477652,0.6627364551172208,0.38728681793591735,0.018010505874965888,0.27117547547304066,0
100,0.747141926683002,0.6384130720727683,0.5282441385720953,0.723467257393368,0.5228264932501363,0.21360715919211204,0.13055966348312054,0.7007393159760924,0.4426801787187735,0.2007174488629131,0.276691960478721,0.15631126834587383,0.3895274814737226,0.8127386708328449,0.18970050900353053,0.6319944091886919,0.38728681793591735,0.3442500235994409,0.27117547547304066,1
101,0.747141926683002,0.6384130720727683,0.5282441385720953,0.8846191019447835,0.77713259808797,0.36267150248661917,0.840925813317668,0.33020915363890824,0.11631856697661036,0.7011314424376426,0.9851138226182892,0.589575120709291,0.2947601148623823,0.5427312022688505,0.7977956726027992,0.20245467769987913,0.6275698260681138,0.19323210541449687,0.2032415957611493,0
